Tpr495jsv0,Automobiles & Motorcycles,Auto Parts,Wheel Balancing,Wheel Balancing Weight,http://geniusocean.com/demo/1-1-instagram-1024x1024.jpg,"Offering you a complete choice of products which include Clip On Wheel Balance Weight, Steel Rim Wheel Balancing Weight, Wheel Balancing Weight, Lead Free Adhesive Strip Wheel Weight and Lead Free Wheel Balancing Weight.

Fostered with enormous business understanding of this realm, we are involved in presenting a broad consignment of Clip On Wheel Balance Weight. Products Details: Series-S1 for Standard Steel Wheel Rims to fit most passenger vehicles. Weight Sizes Available- 5, 10, 15, 20, 25, 30, 35, 40, 45, 50, 55, 60 gm. Series-A1 for Alloy Wheel Rims to fit Toyota, Honda and other passenger vehicles. Weight Sizes Available- 5, 10, 15, 20, 25, 30, 35, 40, 45, 50, 55, 60 gm. Series-A2 for Alloy Wheel Rims to fit Hyundai, Mahindra and other passenger vehicles. Weight Sizes Available- 5, 10, 15, 20, 25, 30, 35, 40, 45, 50, 55, 60 gm. Series-A3 for Alloy Wheel Rims to fit Maruti/Suzuki, Steel Rims of Renault and other passenger vehicles. Weight Sizes Available- 5, 10, 15, 20, 25, 30, 35, 40, 45, 50, 55, 60 gm.",17,21,1000,"5, 10, 15, 20, 25, 30, 35, 40, 45, 50, 55, 60",,,,"Automobile, Spare Part, Wheel Balancing",,NO POLICY,,,normal
Tpr495jsv1,Automobiles & Motorcycles,Auto Parts,Wheel Balancing,Steel Rim Wheel Balancing Weight,http://geniusocean.com/demo/1-1-instagram-1024x1024.jpg,"Offering you a complete choice of products which include Clip On Wheel Balance Weight, Steel Rim Wheel Balancing Weight, Wheel Balancing Weight, Lead Free Adhesive Strip Wheel Weight and Lead Free Wheel Balancing Weight.

Fostered with enormous business understanding of this realm, we are involved in presenting a broad consignment of Clip On Wheel Balance Weight. Products Details: Series-S1 for Standard Steel Wheel Rims to fit most passenger vehicles. Weight Sizes Available- 5, 10, 15, 20, 25, 30, 35, 40, 45, 50, 55, 60 gm. Series-A1 for Alloy Wheel Rims to fit Toyota, Honda and other passenger vehicles. Weight Sizes Available- 5, 10, 15, 20, 25, 30, 35, 40, 45, 50, 55, 60 gm. Series-A2 for Alloy Wheel Rims to fit Hyundai, Mahindra and other passenger vehicles. Weight Sizes Available- 5, 10, 15, 20, 25, 30, 35, 40, 45, 50, 55, 60 gm. Series-A3 for Alloy Wheel Rims to fit Maruti/Suzuki, Steel Rims of Renault and other passenger vehicles. Weight Sizes Available- 5, 10, 15, 20, 25, 30, 35, 40, 45, 50, 55, 60 gm.",17,21,1000,"5, 10, 15, 20, 25, 30, 35, 40, 45, 50, 55, 61",,,,"Automobile, Spare Part, Wheel Balancing",,NO POLICY,,,normal
Tpr495jsv2,Automobiles & Motorcycles,Auto Parts,Wheel Balancing,Lead Free Adhesive Strip Wheel Weight,http://geniusocean.com/demo/1-1-instagram-1024x1024.jpg,"Offering you a complete choice of products which include Clip On Wheel Balance Weight, Steel Rim Wheel Balancing Weight, Wheel Balancing Weight, Lead Free Adhesive Strip Wheel Weight and Lead Free Wheel Balancing Weight.

Fostered with enormous business understanding of this realm, we are involved in presenting a broad consignment of Clip On Wheel Balance Weight. Products Details: Series-S1 for Standard Steel Wheel Rims to fit most passenger vehicles. Weight Sizes Available- 5, 10, 15, 20, 25, 30, 35, 40, 45, 50, 55, 60 gm. Series-A1 for Alloy Wheel Rims to fit Toyota, Honda and other passenger vehicles. Weight Sizes Available- 5, 10, 15, 20, 25, 30, 35, 40, 45, 50, 55, 60 gm. Series-A2 for Alloy Wheel Rims to fit Hyundai, Mahindra and other passenger vehicles. Weight Sizes Available- 5, 10, 15, 20, 25, 30, 35, 40, 45, 50, 55, 60 gm. Series-A3 for Alloy Wheel Rims to fit Maruti/Suzuki, Steel Rims of Renault and other passenger vehicles. Weight Sizes Available- 5, 10, 15, 20, 25, 30, 35, 40, 45, 50, 55, 60 gm.",17,21,1000,"5, 10, 15, 20, 25, 30, 35, 40, 45, 50, 55, 62",,,,"Automobile, Spare Part, Wheel Balancing",,NO POLICY,,,normal
Tpr495jsv3,Automobiles & Motorcycles,Auto Parts,Wheel Balancing,Lead Free Wheel Balancing Weight,http://geniusocean.com/demo/1-1-instagram-1024x1024.jpg,"Offering you a complete choice of products which include Clip On Wheel Balance Weight, Steel Rim Wheel Balancing Weight, Wheel Balancing Weight, Lead Free Adhesive Strip Wheel Weight and Lead Free Wheel Balancing Weight.

Fostered with enormous business understanding of this realm, we are involved in presenting a broad consignment of Clip On Wheel Balance Weight. Products Details: Series-S1 for Standard Steel Wheel Rims to fit most passenger vehicles. Weight Sizes Available- 5, 10, 15, 20, 25, 30, 35, 40, 45, 50, 55, 60 gm. Series-A1 for Alloy Wheel Rims to fit Toyota, Honda and other passenger vehicles. Weight Sizes Available- 5, 10, 15, 20, 25, 30, 35, 40, 45, 50, 55, 60 gm. Series-A2 for Alloy Wheel Rims to fit Hyundai, Mahindra and other passenger vehicles. Weight Sizes Available- 5, 10, 15, 20, 25, 30, 35, 40, 45, 50, 55, 60 gm. Series-A3 for Alloy Wheel Rims to fit Maruti/Suzuki, Steel Rims of Renault and other passenger vehicles. Weight Sizes Available- 5, 10, 15, 20, 25, 30, 35, 40, 45, 50, 55, 60 gm.",17,21,1000,"5, 10, 15, 20, 25, 30, 35, 40, 45, 50, 55, 63",,,,"Automobile, Spare Part, Wheel Balancing",,NO POLICY,,,normal
Tpr495jsv4,Automobiles & Motorcycles,Auto Parts,Wheel Balancing,Wheel Balancing Weights,http://geniusocean.com/demo/1-1-instagram-1024x1024.jpg,"Offering you a complete choice of products which include Clip On Wheel Balance Weight, Steel Rim Wheel Balancing Weight, Wheel Balancing Weight, Lead Free Adhesive Strip Wheel Weight and Lead Free Wheel Balancing Weight.

Fostered with enormous business understanding of this realm, we are involved in presenting a broad consignment of Clip On Wheel Balance Weight. Products Details: Series-S1 for Standard Steel Wheel Rims to fit most passenger vehicles. Weight Sizes Available- 5, 10, 15, 20, 25, 30, 35, 40, 45, 50, 55, 60 gm. Series-A1 for Alloy Wheel Rims to fit Toyota, Honda and other passenger vehicles. Weight Sizes Available- 5, 10, 15, 20, 25, 30, 35, 40, 45, 50, 55, 60 gm. Series-A2 for Alloy Wheel Rims to fit Hyundai, Mahindra and other passenger vehicles. Weight Sizes Available- 5, 10, 15, 20, 25, 30, 35, 40, 45, 50, 55, 60 gm. Series-A3 for Alloy Wheel Rims to fit Maruti/Suzuki, Steel Rims of Renault and other passenger vehicles. Weight Sizes Available- 5, 10, 15, 20, 25, 30, 35, 40, 45, 50, 55, 60 gm.",17,21,1000,"5, 10, 15, 20, 25, 30, 35, 40, 45, 50, 55, 64",,,,"Automobile, Spare Part, Wheel Balancing",,NO POLICY,,,normal
Tpr495jsv5,Apparel and Fashion,Women Wear,Shawl,Jamawar Shawl,http://geniusocean.com/demo/1-1-instagram-1024x1024.jpg,"Woven by experienced and skilled craftsmen, our luxurious designer silk shawl is made by traditional techniques and latest designs. Being soft and silky, this is worn at all occasion. Being soft and shiny material, this is an an accessory for summer wear. Offered in a variety of designs and made with pure wool, pashmina silk, cashmere silk and wool, cotton, etc

 

Specifications:	 
Width:	70 cms (28 inches)
Length:	200 cms (80 inches)
Knotted fringes:	10 cm long
Fit type:	Regular fit
Material:	Marina & silk
Color:	Offwhite
Ideal for:	Women
Pattern:	Plain
Occasion:	Casual",90,100,100,,,,,"Women Wear, Shawl",,NO POLICY,,,normal
Tpr495jsv6,Apparel and Fashion,Women Wear,Shawl,Pashmina Silk Shawl,http://geniusocean.com/demo/1-1-instagram-1024x1024.jpg,"Woven by experienced and skilled craftsmen, our luxurious designer silk shawl is made by traditional techniques and latest designs. Being soft and silky, this is worn at all occasion. Being soft and shiny material, this is an an accessory for summer wear. Offered in a variety of designs and made with pure wool, pashmina silk, cashmere silk and wool, cotton, etc

 

Specifications:	 
Width:	70 cms (28 inches)
Length:	200 cms (80 inches)
Knotted fringes:	10 cm long
Fit type:	Regular fit
Material:	Marina & silk
Color:	Offwhite
Ideal for:	Women
Pattern:	Plain
Occasion:	Casual",90,100,100,,,,,"Women Wear, Shawl",,NO POLICY,,,normal
Tpr495jsv7,Apparel and Fashion,Women Wear,Shawl,Designer Silk Shawl,http://geniusocean.com/demo/1-1-instagram-1024x1024.jpg,"Woven by experienced and skilled craftsmen, our luxurious designer silk shawl is made by traditional techniques and latest designs. Being soft and silky, this is worn at all occasion. Being soft and shiny material, this is an an accessory for summer wear. Offered in a variety of designs and made with pure wool, pashmina silk, cashmere silk and wool, cotton, etc

 

Specifications:	 
Width:	70 cms (28 inches)
Length:	200 cms (80 inches)
Knotted fringes:	10 cm long
Fit type:	Regular fit
Material:	Marina & silk
Color:	Offwhite
Ideal for:	Women
Pattern:	Plain
Occasion:	Casual",90,100,100,,,,,"Women Wear, Shawl",,NO POLICY,,,normal
Tpr495jsv8,Apparel and Fashion,Women Wear,Shawl,Kashmiri Wool Shawl,http://geniusocean.com/demo/1-1-instagram-1024x1024.jpg,"Woven by experienced and skilled craftsmen, our luxurious designer silk shawl is made by traditional techniques and latest designs. Being soft and silky, this is worn at all occasion. Being soft and shiny material, this is an an accessory for summer wear. Offered in a variety of designs and made with pure wool, pashmina silk, cashmere silk and wool, cotton, etc

 

Specifications:	 
Width:	70 cms (28 inches)
Length:	200 cms (80 inches)
Knotted fringes:	10 cm long
Fit type:	Regular fit
Material:	Marina & silk
Color:	Offwhite
Ideal for:	Women
Pattern:	Plain
Occasion:	Casual",90,100,100,,,,,"Women Wear, Shawl",,NO POLICY,,,normal
Tpr495jsv9,Apparel and Fashion,Women Wear,Shawl,Jacquard Shawl,http://geniusocean.com/demo/1-1-instagram-1024x1024.jpg,"Woven by experienced and skilled craftsmen, our luxurious designer silk shawl is made by traditional techniques and latest designs. Being soft and silky, this is worn at all occasion. Being soft and shiny material, this is an an accessory for summer wear. Offered in a variety of designs and made with pure wool, pashmina silk, cashmere silk and wool, cotton, etc

 

Specifications:	 
Width:	70 cms (28 inches)
Length:	200 cms (80 inches)
Knotted fringes:	10 cm long
Fit type:	Regular fit
Material:	Marina & silk
Color:	Offwhite
Ideal for:	Women
Pattern:	Plain
Occasion:	Casual",90,100,100,,,,,"Women Wear, Shawl",,NO POLICY,,,normal
